<?xml version="1.0" encoding="UTF-8"?>
<metadata xml:lang="es"><Esri><CreaDate>20231130</CreaDate><CreaTime>10053900</CreaTime><ArcGISFormat>1.0</ArcGISFormat><SyncOnce>TRUE</SyncOnce><DataProperties><itemProps><itemLocation><linkage Sync="TRUE">file://\\TOSHIBA\C$\Users\Antonio\Documents\TC_ArcGis\SIERRA-CC\Indrawati-Dumre basin\nenskra-melamchi_basin</linkage><protocol Sync="TRUE">Local Area Network</protocol></itemLocation></itemProps><copyHistory><copy source="C:\Users\Antonio\Documents\TC_ArcGis\SIERRA-CC\Nenskra-Lukhi basin\nenskra-melamchi_basin" dest="\\TOSHIBA\C$\Users\Antonio\Documents\TC_ArcGis\SIERRA-CC\Indrawati-Dumre basin\nenskra-melamchi_basin" date="20231130" time="10053900"></copy></copyHistory></DataProperties></Esri></metadata>
