<?xml version="1.0" encoding="UTF-8"?>
<metadata xml:lang="es"><Esri><CreaDate>20231124</CreaDate><CreaTime>13114800</CreaTime><ArcGISFormat>1.0</ArcGISFormat><SyncOnce>TRUE</SyncOnce><DataProperties><itemProps><itemLocation><linkage Sync="TRUE">file://\\TOSHIBA\C$\Users\Antonio\Documents\TC_ArcGis\SIERRA-CC\Adda\Adda-Bormio</linkage><protocol Sync="TRUE">Local Area Network</protocol></itemLocation></itemProps><copyHistory><copy source="C:\Users\Antonio\Documents\TC_ArcGis\SIERRA-CC\Adda-Bormio" dest="\\TOSHIBA\C$\Users\Antonio\Documents\TC_ArcGis\SIERRA-CC\Adda\Adda-Bormio" date="20231124" time="13133600"></copy></copyHistory></DataProperties></Esri></metadata>
